what,when,with,where,amount,year
Undergraduate College Scholarship,May 2010,University College Cork,"Cork, Ireland",1000 EUR,2010
Speech-Language Pathology Travel Award,March 2014,University of Toronto,"Toronto, Canada",425 CAD,2014
School of Graduate Studies Conference Grant,November 2014,University of Toronto,"Toronto, Canada",850 CAD,2014
Graduate Scholarship Prize,November 2015,Toronto Rehabilitation Institute - University Health Network,"Toronto, Canada",1000 CAD,2015
Office of Research Trainees Conference Travel Award,March 2016,University Health Network,"Toronto, Canada",500 CAD,2016
Rehabilitation Sciences Institute Presentation Award,May 2017,University of Toronto,"Toronto, Canada",300 CAD,2017
Rehabilitation Sciences Institute Peer Mentorship Award,May 2017,University of Toronto,"Toronto, Canada",100 CAD,2017
Polatajko-Howell Student Conference Presentation Fund,June 2017,University of Toronto,"Toronto, Canada",300 CAD,2017
ASHA's Research Mentoring: Pathways Program,June 2019,American Speech-Language-Hearing Association,USA,"Travel, accommodation and food costs for duration of workshop",2017
Professional Development and Postdoctoral Affairs Travel Award,August 2019,Boston University,"Boston, MA",500 USD,2019
,,,,,
,,,,,
,,,,,
,,,,,
,,,,,
,,,,,
,,,,,
,,,,,
,,,,,
,,,,,
,,,,,
,,,,,